Pollutant:,BC,Unit: grams,,,,,,,,,,,,,,,,,,,,,,,,,,,,,,,,,,
,2015.0,2016.0,2017.0,2018.0,2019.0,2020.0,2021.0,2022.0,2023.0,2024.0,2025.0,2026.0,2027.0,2028.0,2029.0,2030.0,2031.0,2032.0,2033.0,2034.0,2035.0,2036.0,2037.0,2038.0,2039.0,2040.0,2041.0,2042.0,2043.0,2044.0,2045.0,2046.0,2047.0,2048.0,2049.0,2050.0
agriculture and forestry 01T03,0.0,0.0,0.0,0.0,0.0,2725.563909774436,2744.277360066834,2763.0743525480366,2921.872265966754,2983.4912361108327,3014.9951999900063,3039.6352599887446,3063.550586035626,3085.095470015054,3109.0504087234376,3132.221474969517,3126.7152336383856,3128.6252715691317,3115.3434199189637,3109.5595555855443,3102.9134601977166,3100.3975460655456,3096.8527967028062,3096.956905040332,3096.959919041043,3096.809433766402,3095.612576094506,3100.072674836607,3103.325049895167,3107.8267698641266,3116.137829839163,3142.652855466329,3169.5742486910435,3197.3042752312435,3221.34066356283,3245.899626313985
coal mining 05,0.0,0.0,0.0,0.0,0.0,0.0,0.0,0.0,0.0,0.0,0.0,0.0,0.0,0.0,0.0,0.0,0.0,0.0,0.0,0.0,0.0,0.0,0.0,0.0,0.0,0.0,0.0,0.0,0.0,0.0,0.0,0.0,0.0,0.0,0.0,0.0
oil and gas extraction 06,0.0,0.0,0.0,0.0,0.0,33082.40230905861,33680.417406749555,31911.959487391483,32017.055921052633,34643.60017767444,35240.97942865473,34017.531316622786,34692.746993098364,35781.630238068356,36553.94356014724,37549.714560107,38259.71153216323,38845.00796389343,39118.644032486845,39225.16012836837,39503.78030384647,39455.150675372715,39545.88948968098,39695.14374380582,39730.03443305226,40385.67276552083,40536.46825470002,40894.62066692735,40990.318838377905,41168.87426916012,41469.483878696905,41805.13317745285,41955.567943969196,41785.89407607462,41977.32754079231,42354.523714673946
other mining and quarrying 07T08,0.0,0.0,0.0,0.0,0.0,0.0,0.0,0.0,0.0,0.0,0.0,0.0,0.0,0.0,0.0,0.0,0.0,0.0,0.0,0.0,0.0,0.0,0.0,0.0,0.0,0.0,0.0,0.0,0.0,0.0,0.0,0.0,0.0,0.0,0.0,0.0
food beverage and tobacco 10T12,0.0,0.0,0.0,0.0,0.0,0.0,0.0,0.0,0.0,0.0,0.0,0.0,0.0,0.0,0.0,0.0,0.0,0.0,0.0,0.0,0.0,0.0,0.0,0.0,0.0,0.0,0.0,0.0,0.0,0.0,0.0,0.0,0.0,0.0,0.0,0.0
textiles apparel and leather 13T15,0.0,0.0,0.0,0.0,0.0,0.0,0.0,0.0,0.0,0.0,0.0,0.0,0.0,0.0,0.0,0.0,0.0,0.0,0.0,0.0,0.0,0.0,0.0,0.0,0.0,0.0,0.0,0.0,0.0,0.0,0.0,0.0,0.0,0.0,0.0,0.0
wood products 16,0.0,0.0,0.0,0.0,0.0,0.0,0.0,0.0,0.0,0.0,0.0,0.0,0.0,0.0,0.0,0.0,0.0,0.0,0.0,0.0,0.0,0.0,0.0,0.0,0.0,0.0,0.0,0.0,0.0,0.0,0.0,0.0,0.0,0.0,0.0,0.0
pulp paper and printing 17T18,0.0,0.0,0.0,0.0,0.0,4424113.11417462,4487763.874160481,4754669.055720138,4926987.393531016,4877458.428328451,4873326.615428042,4892120.1361067975,4888220.937694878,4908656.091242327,4942147.7409761725,4967474.7724390635,5017064.093322023,5065109.332416646,5093880.32332363,5130684.477819499,5166311.4672572715,5176594.231011775,5196348.39395147,5246216.791863662,5249043.320198589,5296910.961605454,5364041.700257557,5415246.964846428,5453481.578629227,5474209.784845502,5491694.446858262,5510744.643044845,5509673.658635529,5517838.564600918,5532874.704590371,5551196.357377998
refined petroleum and coke 19,0.0,0.0,0.0,0.0,0.0,155798.10183117463,156240.76596694955,156728.26669644853,144973.1534415733,189691.08241979554,199338.75741975178,210633.64902094813,219319.6781927657,217890.10856140935,213317.0687787587,212100.88237537644,209112.97441174163,214443.33751830965,215651.8871707861,215298.77754456474,219098.53529111005,219471.5714478636,222004.14549927818,219568.6220875436,219739.49351652982,220113.2392860845,217910.8997179365,219904.96503255752,218998.68157341803,220443.57822831618,221127.12312816203,237382.02279450104,237266.9248856132,227148.56364531288,220974.12788491507,223215.34125097436
chemicals 20,0.0,0.0,0.0,0.0,0.0,332112.06337774574,252264.1868913296,237000.84349826095,257902.88470048996,285805.4029179459,256546.15879793456,236423.75101390234,245541.17232627777,255741.38139639734,265895.85145965836,275077.1449527387,281689.3911104299,288067.0565383538,297122.12727921,304496.6982501192,310910.931678801,319600.93017687066,327873.2312091804,334558.0615927109,339354.7252146225,344951.4699192747,350861.51194650587,362282.2651232957,373815.73298455065,382689.3829429104,392685.4097129586,397290.73428610864,399246.616512569,401028.7375278579,407339.1109491416,415466.7404771227
rubber and plastic products 22,0.0,0.0,0.0,0.0,0.0,0.0,0.0,0.0,0.0,0.0,0.0,0.0,0.0,0.0,0.0,0.0,0.0,0.0,0.0,0.0,0.0,0.0,0.0,0.0,0.0,0.0,0.0,0.0,0.0,0.0,0.0,0.0,0.0,0.0,0.0,0.0
glass and glass products 231,0.0,0.0,0.0,0.0,0.0,0.0,0.0,0.0,0.0,0.0,0.0,0.0,0.0,0.0,0.0,0.0,0.0,0.0,0.0,0.0,0.0,0.0,0.0,0.0,0.0,0.0,0.0,0.0,0.0,0.0,0.0,0.0,0.0,0.0,0.0,0.0
cement and other nonmetallic minerals 239,0.0,0.0,0.0,0.0,0.0,5587507.334564816,5846974.8994892975,5575357.142857143,5811935.834155972,6612407.2921194155,6018015.419046426,5571286.40042967,5294611.550540147,5068907.384358294,5000875.225676008,4923678.563022176,4854850.404130514,4792966.3229386695,3976345.365085457,3824375.4058598047,3655310.2076414097,3494176.8462950718,3393945.828918697,3308888.4298404003,3171602.5016601756,3083229.853326923,2987152.215241552,2904244.883688717,2842146.6538900645,2796165.6344047124,2723969.364715935,2677686.2637203634,2636120.8517709156,2591841.3199405856,2560464.526830224,2537262.6152272075
iron and steel 241,0.0,0.0,0.0,0.0,0.0,0.0,0.0,0.0,0.0,0.0,0.0,0.0,0.0,0.0,0.0,0.0,0.0,0.0,0.0,0.0,0.0,0.0,0.0,0.0,0.0,0.0,0.0,0.0,0.0,0.0,0.0,0.0,0.0,0.0,0.0,0.0
other metals 242,0.0,0.0,0.0,0.0,0.0,355887.82562466775,366739.76608187135,371865.1832460733,403932.34966592427,417431.84544713184,412792.71854305203,410961.07612019836,419933.6584621912,435181.9168011405,447698.98748643417,458271.0870858618,464329.34410430153,465279.2493270644,465032.1570267984,466180.7062255225,469023.7225124759,473450.4192846256,478225.5552020295,481954.86064211256,484711.98582036566,489526.98164271185,493191.46675470035,496055.6900451111,500754.42874611873,505693.1307403892,508171.4157768321,508975.3882367559,509617.2222932343,510840.2578300728,512141.5973122221,512016.3628126252
metal products except machinery and vehicles 25,0.0,0.0,0.0,0.0,0.0,0.0,0.0,0.0,0.0,0.0,0.0,0.0,0.0,0.0,0.0,0.0,0.0,0.0,0.0,0.0,0.0,0.0,0.0,0.0,0.0,0.0,0.0,0.0,0.0,0.0,0.0,0.0,0.0,0.0,0.0,0.0
computers and electronics 26,0.0,0.0,0.0,0.0,0.0,0.0,0.0,0.0,0.0,0.0,0.0,0.0,0.0,0.0,0.0,0.0,0.0,0.0,0.0,0.0,0.0,0.0,0.0,0.0,0.0,0.0,0.0,0.0,0.0,0.0,0.0,0.0,0.0,0.0,0.0,0.0
appliances and electrical equipment 27,0.0,0.0,0.0,0.0,0.0,0.0,0.0,0.0,0.0,0.0,0.0,0.0,0.0,0.0,0.0,0.0,0.0,0.0,0.0,0.0,0.0,0.0,0.0,0.0,0.0,0.0,0.0,0.0,0.0,0.0,0.0,0.0,0.0,0.0,0.0,0.0
other machinery 28,0.0,0.0,0.0,0.0,0.0,0.0,0.0,0.0,0.0,0.0,0.0,0.0,0.0,0.0,0.0,0.0,0.0,0.0,0.0,0.0,0.0,0.0,0.0,0.0,0.0,0.0,0.0,0.0,0.0,0.0,0.0,0.0,0.0,0.0,0.0,0.0
road vehicles 29,0.0,0.0,0.0,0.0,0.0,0.0,0.0,0.0,0.0,0.0,0.0,0.0,0.0,0.0,0.0,0.0,0.0,0.0,0.0,0.0,0.0,0.0,0.0,0.0,0.0,0.0,0.0,0.0,0.0,0.0,0.0,0.0,0.0,0.0,0.0,0.0
nonroad vehicles 30,0.0,0.0,0.0,0.0,0.0,0.0,0.0,0.0,0.0,0.0,0.0,0.0,0.0,0.0,0.0,0.0,0.0,0.0,0.0,0.0,0.0,0.0,0.0,0.0,0.0,0.0,0.0,0.0,0.0,0.0,0.0,0.0,0.0,0.0,0.0,0.0
other manufacturing 31T33,0.0,0.0,0.0,0.0,0.0,1581694.3289224952,1594895.6836798992,1734149.450413168,1885474.2912041899,1854757.9000363415,1804582.7367198355,1779012.7966282244,1775395.5602350587,1781736.050292402,1808466.8620306368,1841172.0695734238,1872957.636071653,1926779.8784390364,1972821.9502624609,2020507.1524136206,2061179.5683079672,2085611.239676032,2116941.9848107323,2162912.176589691,2191109.1814252655,2233445.9057830907,2274725.900739458,2309742.7083583083,2337408.258412252,2364663.7076934376,2396165.981525055,2450764.273303183,2484818.7218416748,2514315.7677895874,2546874.5238422086,2580210.7193496693
energy pipelines and gas processing 352T353,0.0,0.0,0.0,0.0,0.0,689789.5138226883,687145.2812202097,792818.151705863,866923.0769230769,995600.3688409284,1014039.840015807,1019817.6590001363,1086624.4513348092,1170568.339418338,1183706.8241604504,1202661.228248185,1188711.6149343634,1164028.916031109,1122265.948996175,1094310.521035268,1082887.5173660195,1081793.9855549987,1082715.9741426772,1069377.0051857487,1074253.5530196365,1069053.2044239407,1058083.9196654258,1057070.858977513,1063089.0597552063,1068224.7760233548,1074043.4903248246,1077655.347316325,1070499.99141861,1066057.4468435103,1071331.9936628519,1083294.111508373
water and waste 36T39,0.0,0.0,0.0,0.0,0.0,0.0,0.0,0.0,0.0,0.0,0.0,0.0,0.0,0.0,0.0,0.0,0.0,0.0,0.0,0.0,0.0,0.0,0.0,0.0,0.0,0.0,0.0,0.0,0.0,0.0,0.0,0.0,0.0,0.0,0.0,0.0
construction 41T43,0.0,0.0,0.0,0.0,0.0,0.0,0.0,0.0,0.0,0.0,0.0,0.0,0.0,0.0,0.0,0.0,0.0,0.0,0.0,0.0,0.0,0.0,0.0,0.0,0.0,0.0,0.0,0.0,0.0,0.0,0.0,0.0,0.0,0.0,0.0,0.0
