Pollutant:,PM10,Unit: grams,,,,,,,,,,,,,,,,,,,,,,,,,,,,,,,,,,
,2015.0,2016.0,2017.0,2018.0,2019.0,2020.0,2021.0,2022.0,2023.0,2024.0,2025.0,2026.0,2027.0,2028.0,2029.0,2030.0,2031.0,2032.0,2033.0,2034.0,2035.0,2036.0,2037.0,2038.0,2039.0,2040.0,2041.0,2042.0,2043.0,2044.0,2045.0,2046.0,2047.0,2048.0,2049.0,2050.0
agriculture and forestry 01T03,0.0,0.0,0.0,0.0,0.0,228947.36842105264,230519.29824561405,232098.24561403508,245437.27034120733,250613.26383330996,253259.5967991605,255329.36183905468,257338.2492269927,259148.01948126452,261160.23433276883,263106.60389743955,262644.07962562435,262804.5228118071,261688.84727319295,261203.00266918566,260644.73065660833,260433.39386950585,260135.6349230357,260144.38002338793,260144.63319944765,260131.99243637768,260031.45639193855,260406.10468627495,260679.304191194,261057.44866858667,261755.57770648962,263982.8398591717,266244.2368900477,268573.5591194243,270592.6157392777,272655.5686103747
coal mining 05,0.0,0.0,0.0,0.0,0.0,0.0,0.0,0.0,0.0,0.0,0.0,0.0,0.0,0.0,0.0,0.0,0.0,0.0,0.0,0.0,0.0,0.0,0.0,0.0,0.0,0.0,0.0,0.0,0.0,0.0,0.0,0.0,0.0,0.0,0.0,0.0
oil and gas extraction 06,0.0,0.0,0.0,0.0,0.0,729628.6944937833,742817.8507992895,703814.708557255,706132.5986842106,764060.7394245934,777235.8722017881,750252.8604959449,765144.6669592775,789159.8655250138,806193.1497364893,828154.7681198216,843813.6721793392,856722.3197251144,862757.3327096326,865106.5333285774,871251.4702347474,870178.9492005873,872180.1836334786,875471.969567505,876241.4798287923,890701.5101527732,894027.2878540874,901926.2993745318,904036.911876266,907974.9319946154,914604.8434172982,922007.5512790541,925325.3732822569,921583.2350431688,925805.2787641638,934124.2983246613
other mining and quarrying 07T08,0.0,0.0,0.0,0.0,0.0,0.0,0.0,0.0,0.0,0.0,0.0,0.0,0.0,0.0,0.0,0.0,0.0,0.0,0.0,0.0,0.0,0.0,0.0,0.0,0.0,0.0,0.0,0.0,0.0,0.0,0.0,0.0,0.0,0.0,0.0,0.0
food beverage and tobacco 10T12,0.0,0.0,0.0,0.0,0.0,0.0,0.0,0.0,0.0,0.0,0.0,0.0,0.0,0.0,0.0,0.0,0.0,0.0,0.0,0.0,0.0,0.0,0.0,0.0,0.0,0.0,0.0,0.0,0.0,0.0,0.0,0.0,0.0,0.0,0.0,0.0
textiles apparel and leather 13T15,0.0,0.0,0.0,0.0,0.0,0.0,0.0,0.0,0.0,0.0,0.0,0.0,0.0,0.0,0.0,0.0,0.0,0.0,0.0,0.0,0.0,0.0,0.0,0.0,0.0,0.0,0.0,0.0,0.0,0.0,0.0,0.0,0.0,0.0,0.0,0.0
wood products 16,0.0,0.0,0.0,0.0,0.0,0.0,0.0,0.0,0.0,0.0,0.0,0.0,0.0,0.0,0.0,0.0,0.0,0.0,0.0,0.0,0.0,0.0,0.0,0.0,0.0,0.0,0.0,0.0,0.0,0.0,0.0,0.0,0.0,0.0,0.0,0.0
pulp paper and printing 17T18,0.0,0.0,0.0,0.0,0.0,188836571.22658184,191553407.5645104,202945851.20860496,210300998.60920227,208186929.7045699,208010569.52549508,208812742.5067603,208646311.1250038,209518554.7202287,210948095.090749,212029141.08965817,214145786.18514416,216196524.48686647,217424570.68131366,218995500.30325887,220516184.41664642,220955088.6218558,221798265.163846,223926822.23986873,224047468.32315534,226090626.1364163,228956000.09585583,231141619.30227524,232773605.91350898,233658358.01829085,234404664.34869784,235217793.1354692,235172079.7871724,235520586.43858513,236162381.3129054,236944413.32753327
refined petroleum and coke 19,0.0,0.0,0.0,0.0,0.0,3207389.5265743635,3216502.579276463,3226538.675452312,2984538.1202835585,3905138.662710365,4103753.7381634936,4336279.786938636,4515097.620184102,4485667.308715414,4391522.901748406,4366485.4751897855,4304973.912492348,4414709.2083650185,4439589.418406978,4432320.009450366,4510544.988166699,4518224.6212825235,4570362.300704207,4520222.58660815,4523740.288205792,4531434.530001948,4486095.332785715,4527146.822696362,4508489.316341749,4538235.162686684,4552307.1874863515,4886944.094692245,4884574.593246728,4676269.578700388,4549157.499941775,4595296.985549286
chemicals 20,0.0,0.0,0.0,0.0,0.0,18618876.485415917,17556016.092884913,16627142.570751708,18079264.554235816,19677630.96990907,18002143.285919383,16822261.109356593,17304250.05773421,17860193.406560786,18430923.893752858,18969659.554693185,19357561.81096898,19745333.13822599,20243742.15651224,20640645.34972453,20998039.58049443,21472018.65181557,21928782.97769655,22306263.041914467,22557498.268685218,22874248.83685053,23220397.19223749,23887735.89069739,24534384.566224355,25032046.367070496,25582472.622202214,25853243.55440948,25940311.23632272,26032432.229047097,26399530.52146914,26866559.45653068
rubber and plastic products 22,0.0,0.0,0.0,0.0,0.0,0.0,0.0,0.0,0.0,0.0,0.0,0.0,0.0,0.0,0.0,0.0,0.0,0.0,0.0,0.0,0.0,0.0,0.0,0.0,0.0,0.0,0.0,0.0,0.0,0.0,0.0,0.0,0.0,0.0,0.0,0.0
glass and glass products 231,0.0,0.0,0.0,0.0,0.0,0.0,0.0,0.0,0.0,0.0,0.0,0.0,0.0,0.0,0.0,0.0,0.0,0.0,0.0,0.0,0.0,0.0,0.0,0.0,0.0,0.0,0.0,0.0,0.0,0.0,0.0,0.0,0.0,0.0,0.0,0.0
cement and other nonmetallic minerals 239,0.0,0.0,0.0,0.0,0.0,304755437.3573835,318907392.15473217,304092738.0952381,316996281.3425469,360655826.58460265,328236333.52739286,303870710.4871169,288780230.9879187,276469809.2274627,272759179.5974431,268548696.947324,264794651.64419305,261419352.23072952,216878976.30563116,208590186.93751758,199368984.1113074,190580401.82056156,185113572.74843615,180474347.54398164,172986458.83433086,168166412.34837344,162926118.08802545,158404162.4869622,155017182.91839194,152509272.885467,148571523.11134726,146047136.8615241,143780064.16897786,141364957.16670966,139653595.0628843,138388109.7051536
iron and steel 241,0.0,0.0,0.0,0.0,0.0,0.0,0.0,0.0,0.0,0.0,0.0,0.0,0.0,0.0,0.0,0.0,0.0,0.0,0.0,0.0,0.0,0.0,0.0,0.0,0.0,0.0,0.0,0.0,0.0,0.0,0.0,0.0,0.0,0.0,0.0,0.0
other metals 242,0.0,0.0,0.0,0.0,0.0,33091873.577884104,34100930.40935672,34577512.198952876,37559245.6013363,38814482.71705611,38383118.14100716,38212804.70196052,39047111.29844838,40464955.351837225,41628842.65243861,42611878.76159178,43175199.732194364,43263525.71942776,43240550.08897984,43347346.787673965,43611701.81410008,44023313.78676162,44467325.02490552,44814090.76194619,45070459.28952089,45518176.86106592,45858915.3447191,46125242.28315462,46562149.80252913,47021370.068764344,47251810.92459294,47326567.499806516,47386247.79771408,47499970.53407149,47620974.28447968,47609329.47976913
metal products except machinery and vehicles 25,0.0,0.0,0.0,0.0,0.0,0.0,0.0,0.0,0.0,0.0,0.0,0.0,0.0,0.0,0.0,0.0,0.0,0.0,0.0,0.0,0.0,0.0,0.0,0.0,0.0,0.0,0.0,0.0,0.0,0.0,0.0,0.0,0.0,0.0,0.0,0.0
computers and electronics 26,0.0,0.0,0.0,0.0,0.0,0.0,0.0,0.0,0.0,0.0,0.0,0.0,0.0,0.0,0.0,0.0,0.0,0.0,0.0,0.0,0.0,0.0,0.0,0.0,0.0,0.0,0.0,0.0,0.0,0.0,0.0,0.0,0.0,0.0,0.0,0.0
appliances and electrical equipment 27,0.0,0.0,0.0,0.0,0.0,0.0,0.0,0.0,0.0,0.0,0.0,0.0,0.0,0.0,0.0,0.0,0.0,0.0,0.0,0.0,0.0,0.0,0.0,0.0,0.0,0.0,0.0,0.0,0.0,0.0,0.0,0.0,0.0,0.0,0.0,0.0
other machinery 28,0.0,0.0,0.0,0.0,0.0,0.0,0.0,0.0,0.0,0.0,0.0,0.0,0.0,0.0,0.0,0.0,0.0,0.0,0.0,0.0,0.0,0.0,0.0,0.0,0.0,0.0,0.0,0.0,0.0,0.0,0.0,0.0,0.0,0.0,0.0,0.0
road vehicles 29,0.0,0.0,0.0,0.0,0.0,0.0,0.0,0.0,0.0,0.0,0.0,0.0,0.0,0.0,0.0,0.0,0.0,0.0,0.0,0.0,0.0,0.0,0.0,0.0,0.0,0.0,0.0,0.0,0.0,0.0,0.0,0.0,0.0,0.0,0.0,0.0
nonroad vehicles 30,0.0,0.0,0.0,0.0,0.0,0.0,0.0,0.0,0.0,0.0,0.0,0.0,0.0,0.0,0.0,0.0,0.0,0.0,0.0,0.0,0.0,0.0,0.0,0.0,0.0,0.0,0.0,0.0,0.0,0.0,0.0,0.0,0.0,0.0,0.0,0.0
other manufacturing 31T33,0.0,0.0,0.0,0.0,0.0,156851576.3705104,158160712.57088846,171970063.99122527,186976465.2838554,183930418.84682205,178954708.10617405,176419018.79014748,176060309.00659567,176689075.16088372,179339884.41153184,182583155.41832963,185735228.5590821,191072608.48436177,195638453.73828527,200367242.98042095,204400596.60075736,206823407.4418748,209930377.40021583,214489094.5396371,217285301.47830623,221483699.2549565,225577304.55092025,229049809.5564994,231793313.82136884,234496149.7020237,237620129.61356014,243034467.88103718,246411538.80935577,249336666.67420393,252565414.55433044,255871258.62288865
energy pipelines and gas processing 352T353,0.0,0.0,0.0,0.0,0.0,181934483.50810295,181237057.57864633,209108660.0419565,228654102.56410256,262593204.52950805,267456681.86156034,268980602.55280405,286601136.0846694,308741640.7112222,312206963.6651599,317206256.4186771,313526995.3650794,307016844.0992775,296001710.2287157,288628364.81624407,285615506.21078527,285327083.2335568,285570261.0640953,282052059.6721078,283338266.8319472,281966656.04798996,279073467.4491462,278806269.0221993,280393591.2823913,281748155.0557833,283282862.0350941,284235502.4030406,282348251.35981566,281176514.13195723,282567694.9662354,285722746.8889982
water and waste 36T39,0.0,0.0,0.0,0.0,0.0,0.0,0.0,0.0,0.0,0.0,0.0,0.0,0.0,0.0,0.0,0.0,0.0,0.0,0.0,0.0,0.0,0.0,0.0,0.0,0.0,0.0,0.0,0.0,0.0,0.0,0.0,0.0,0.0,0.0,0.0,0.0
construction 41T43,0.0,0.0,0.0,0.0,0.0,0.0,0.0,0.0,0.0,0.0,0.0,0.0,0.0,0.0,0.0,0.0,0.0,0.0,0.0,0.0,0.0,0.0,0.0,0.0,0.0,0.0,0.0,0.0,0.0,0.0,0.0,0.0,0.0,0.0,0.0,0.0
