Unit: BTU,2024.0,2025.0,2026.0,2027.0,2028.0,2029.0,2030.0,2031.0,2032.0,2033.0,2034.0,2035.0,2036.0,2037.0,2038.0,2039.0,2040.0,2041.0,2042.0,2043.0,2044.0,2045.0,2046.0,2047.0,2048.0,2049.0,2050.0
agriculture and forestry 01T03,318876000000.0,306945000000.0,317098000000.0,318271000000.0,321060000000.0,321384000000.0,321637000000.0,322015000000.0,323571000000.0,322561000000.0,324045000000.0,326281000000.0,328927000000.0,332225000000.0,336221000000.0,340480000000.0,343974000000.0,347089000000.0,350623000000.0,353967000000.0,357641000000.0,361845000000.0,366282000000.0,370750000000.0,375282000000.0,379790000000.0,384339000000.0
coal mining 05,0.0,0.0,0.0,0.0,0.0,0.0,0.0,0.0,0.0,0.0,0.0,0.0,0.0,0.0,0.0,0.0,0.0,0.0,0.0,0.0,0.0,0.0,0.0,0.0,0.0,0.0,0.0
oil and gas extraction 06,1170510000.0,1204260000.0,1358680000.0,1337250000.0,1335940000.0,1331580000.0,1346960000.0,1359600000.0,1367730000.0,1371640000.0,1380580000.0,1376550000.0,1375710000.0,1378220000.0,1381870000.0,1388750000.0,1404240000.0,1423060000.0,1432820000.0,1443450000.0,1448680000.0,1451800000.0,1455210000.0,1461150000.0,1462400000.0,1460690000.0,1456550000.0
other mining and quarrying 07T08,24570200000000.0,25901300000000.0,26495700000000.0,25959400000000.0,25279400000000.0,24956300000000.0,24797000000000.0,24814400000000.0,24938000000000.0,25078400000000.0,25334000000000.0,25643200000000.0,25846700000000.0,26145600000000.0,26553300000000.0,26926800000000.0,27233900000000.0,27516900000000.0,27795500000000.0,28141700000000.0,28505700000000.0,28904100000000.0,29212600000000.0,29503600000000.0,29737300000000.0,29990500000000.0,30252900000000.0
food beverage and tobacco 10T12,1259250000000.0,1300820000000.0,1349950000000.0,1354650000000.0,1359450000000.0,1360280000000.0,1369250000000.0,1380840000000.0,1392980000000.0,1417500000000.0,1439730000000.0,1468380000000.0,1503210000000.0,1537840000000.0,1569190000000.0,1597310000000.0,1616910000000.0,1630400000000.0,1633620000000.0,1634580000000.0,1635100000000.0,1636000000000.0,1641540000000.0,1647330000000.0,1653240000000.0,1658970000000.0,1662740000000.0
textiles apparel and leather 13T15,81421000000.0,81421000000.0,81421000000.0,81421000000.0,81421000000.0,81421000000.0,81421000000.0,81421000000.0,81421000000.0,81421000000.0,81421000000.0,81421000000.0,81421000000.0,81421000000.0,81421000000.0,81421000000.0,81421000000.0,81421000000.0,81421000000.0,81421000000.0,81421000000.0,81421000000.0,81421000000.0,81421000000.0,81421000000.0,81421000000.0,81421000000.0
wood products 16,279645000000.0,281320000000.0,244387000000.0,227897000000.0,236207000000.0,251396000000.0,252027000000.0,243920000000.0,241228000000.0,244643000000.0,251905000000.0,257479000000.0,263447000000.0,267769000000.0,272518000000.0,275916000000.0,276652000000.0,271989000000.0,268834000000.0,263463000000.0,259577000000.0,260402000000.0,261402000000.0,263065000000.0,264508000000.0,267232000000.0,269358000000.0
pulp paper and printing 17T18,1332220000000.0,1332460000000.0,1385110000000.0,1384680000000.0,1362260000000.0,1340080000000.0,1317910000000.0,1303890000000.0,1291910000000.0,1281430000000.0,1273590000000.0,1268340000000.0,1265170000000.0,1262360000000.0,1267080000000.0,1276130000000.0,1288790000000.0,1300460000000.0,1313780000000.0,1329070000000.0,1346130000000.0,1365260000000.0,1382150000000.0,1400530000000.0,1417570000000.0,1436720000000.0,1455950000000.0
refined petroleum and coke 19,20611300000.0,20611300000.0,20611300000.0,20611300000.0,20611300000.0,20611300000.0,20611300000.0,20611300000.0,20611300000.0,20611300000.0,20611300000.0,20611300000.0,20611300000.0,20611300000.0,20611300000.0,20611300000.0,20611300000.0,20611300000.0,20611300000.0,20611300000.0,20611300000.0,20611300000.0,20611300000.0,20611300000.0,20611300000.0,20611300000.0,20611300000.0
chemicals 20,478958000000.0,502576000000.0,505160000000.0,490388000000.0,485195000000.0,471436000000.0,468929000000.0,475359000000.0,480291000000.0,501311000000.0,521813000000.0,549908000000.0,582821000000.0,617885000000.0,647593000000.0,678315000000.0,702854000000.0,723479000000.0,734332000000.0,740306000000.0,743809000000.0,751158000000.0,766824000000.0,782617000000.0,796617000000.0,807200000000.0,817946000000.0
rubber and plastic products 22,897085000000.0,914676000000.0,938836000000.0,949951000000.0,952341000000.0,947271000000.0,950804000000.0,955138000000.0,954463000000.0,956708000000.0,955447000000.0,959519000000.0,968840000000.0,981314000000.0,993384000000.0,1004080000000.0,1015950000000.0,1027300000000.0,1037590000000.0,1046850000000.0,1056360000000.0,1067520000000.0,1077950000000.0,1087540000000.0,1095110000000.0,1105860000000.0,1116300000000.0
glass and glass products 231,738290000000.0,752266000000.0,774453000000.0,759313000000.0,736987000000.0,715787000000.0,696265000000.0,678638000000.0,663320000000.0,650391000000.0,639890000000.0,631323000000.0,624019000000.0,617979000000.0,613321000000.0,610024000000.0,607122000000.0,604773000000.0,602405000000.0,600332000000.0,598200000000.0,596068000000.0,594371000000.0,593009000000.0,592022000000.0,590956000000.0,590147000000.0
cement and other nonmetallic minerals 239,1391750000000.0,1434450000000.0,1452210000000.0,1414430000000.0,1397900000000.0,1383260000000.0,1376610000000.0,1378440000000.0,1379510000000.0,1386610000000.0,1394680000000.0,1406100000000.0,1420410000000.0,1435650000000.0,1453850000000.0,1471650000000.0,1482720000000.0,1489490000000.0,1490020000000.0,1479180000000.0,1465540000000.0,1463140000000.0,1467240000000.0,1472570000000.0,1478680000000.0,1484670000000.0,1491570000000.0
iron and steel 241,0.0,0.0,0.0,0.0,0.0,0.0,0.0,0.0,0.0,0.0,0.0,0.0,0.0,0.0,0.0,0.0,0.0,0.0,0.0,0.0,0.0,0.0,0.0,0.0,0.0,0.0,0.0
other metals 242,402532000000.0,411875000000.0,421747000000.0,416839000000.0,412983000000.0,409490000000.0,406709000000.0,404626000000.0,403168000000.0,402749000000.0,403050000000.0,404342000000.0,406297000000.0,409203000000.0,412518000000.0,415603000000.0,417785000000.0,419949000000.0,421620000000.0,423236000000.0,424817000000.0,426562000000.0,428423000000.0,430158000000.0,431689000000.0,433077000000.0,434292000000.0
metal products except machinery and vehicles 25,1105680000000.0,1137970000000.0,1199250000000.0,1208040000000.0,1186460000000.0,1171070000000.0,1161650000000.0,1154930000000.0,1158470000000.0,1162670000000.0,1173460000000.0,1186550000000.0,1197660000000.0,1211640000000.0,1228710000000.0,1241480000000.0,1256270000000.0,1268870000000.0,1280000000000.0,1290900000000.0,1306820000000.0,1322710000000.0,1337800000000.0,1345700000000.0,1350170000000.0,1363930000000.0,1376030000000.0
computers and electronics 26,105991000000.0,112439000000.0,117041000000.0,119902000000.0,121322000000.0,122899000000.0,124111000000.0,124814000000.0,125843000000.0,126515000000.0,127677000000.0,129418000000.0,131376000000.0,133699000000.0,136133000000.0,138782000000.0,141474000000.0,144035000000.0,146652000000.0,149416000000.0,152493000000.0,155785000000.0,159339000000.0,162726000000.0,166111000000.0,169541000000.0,172497000000.0
appliances and electrical equipment 27,329549000000.0,332115000000.0,337928000000.0,332647000000.0,324290000000.0,320031000000.0,322671000000.0,325046000000.0,327941000000.0,327675000000.0,327441000000.0,329655000000.0,331391000000.0,333350000000.0,335053000000.0,336842000000.0,339120000000.0,340994000000.0,342857000000.0,344358000000.0,345795000000.0,347627000000.0,350160000000.0,352662000000.0,354813000000.0,356527000000.0,357634000000.0
other machinery 28,183087000000.0,178087000000.0,179704000000.0,182340000000.0,184134000000.0,186096000000.0,186943000000.0,189222000000.0,191104000000.0,190258000000.0,190944000000.0,192926000000.0,194435000000.0,195595000000.0,196249000000.0,196614000000.0,197758000000.0,198769000000.0,199628000000.0,200117000000.0,200534000000.0,201329000000.0,202501000000.0,203805000000.0,204615000000.0,204989000000.0,205045000000.0
road vehicles 29,9132620000.0,9132620000.0,9132620000.0,9132620000.0,9132620000.0,9132620000.0,9132620000.0,9132620000.0,9132620000.0,9132620000.0,9132620000.0,9132620000.0,9132620000.0,9132620000.0,9132620000.0,9132620000.0,9132620000.0,9132620000.0,9132620000.0,9132620000.0,9132620000.0,9132620000.0,9132620000.0,9132620000.0,9132620000.0,9132620000.0,9132620000.0
nonroad vehicles 30,29122800000.0,29122800000.0,29122800000.0,29122800000.0,29122800000.0,29122800000.0,29122800000.0,29122800000.0,29122800000.0,29122800000.0,29122800000.0,29122800000.0,29122800000.0,29122800000.0,29122800000.0,29122800000.0,29122800000.0,29122800000.0,29122800000.0,29122800000.0,29122800000.0,29122800000.0,29122800000.0,29122800000.0,29122800000.0,29122800000.0,29122800000.0
other manufacturing 31T33,632118000000.0,633435000000.0,650856000000.0,646844000000.0,637610000000.0,629714000000.0,627514000000.0,627128000000.0,623990000000.0,623168000000.0,622073000000.0,625132000000.0,629823000000.0,636588000000.0,643251000000.0,647517000000.0,652267000000.0,655548000000.0,654657000000.0,652755000000.0,650856000000.0,650674000000.0,650816000000.0,650612000000.0,649074000000.0,649867000000.0,647481000000.0
energy pipelines and gas processing 352T353,0.0,0.0,0.0,0.0,0.0,0.0,0.0,0.0,0.0,0.0,0.0,0.0,0.0,0.0,0.0,0.0,0.0,0.0,0.0,0.0,0.0,0.0,0.0,0.0,0.0,0.0,0.0
water and waste 36T39,1975630000000.0,1984920000000.0,1994210000000.0,2003500000000.0,2012790000000.0,2022080000000.0,2031370000000.0,2038680000000.0,2046000000000.0,2053310000000.0,2060630000000.0,2067940000000.0,2075250000000.0,2082570000000.0,2089880000000.0,2097200000000.0,2104510000000.0,2110010000000.0,2115510000000.0,2121010000000.0,2126510000000.0,2132010000000.0,2137520000000.0,2143020000000.0,2148520000000.0,2154020000000.0,2159520000000.0
construction 41T43,4003720000000.0,4073900000000.0,4176110000000.0,4146800000000.0,4120980000000.0,4134110000000.0,4149870000000.0,4163690000000.0,4180700000000.0,4191850000000.0,4189560000000.0,4203220000000.0,4216920000000.0,4230940000000.0,4246310000000.0,4260520000000.0,4265770000000.0,4266510000000.0,4281730000000.0,4290910000000.0,4303650000000.0,4334980000000.0,4368090000000.0,4397770000000.0,4427930000000.0,4463420000000.0,4505210000000.0
