Year,2024.0,2025.0,2026.0,2027.0,2028.0,2029.0,2030.0,2031.0,2032.0,2033.0,2034.0,2035.0,2036.0,2037.0,2038.0,2039.0,2040.0,2041.0,2042.0,2043.0,2044.0,2045.0,2046.0,2047.0,2048.0,2049.0,2050.0
electricity (BTU),648005000000.0,650318000000.0,651862000000.0,653804000000.0,655895000000.0,654014000000.0,647819000000.0,641940000000.0,636302000000.0,631620000000.0,627888000000.0,625174000000.0,623741000000.0,623544000000.0,624709000000.0,627213000000.0,630908000000.0,636217000000.0,642458000000.0,649741000000.0,657422000000.0,665633000000.0,674274000000.0,683278000000.0,692269000000.0,701447000000.0,710697000000.0
coal (BTU),0.0,0.0,0.0,0.0,0.0,0.0,0.0,0.0,0.0,0.0,0.0,0.0,0.0,0.0,0.0,0.0,0.0,0.0,0.0,0.0,0.0,0.0,0.0,0.0,0.0,0.0,0.0
natural gas (BTU),1265280000000.0,1269800000000.0,1290170000000.0,1309770000000.0,1328850000000.0,1334610000000.0,1338240000000.0,1344860000000.0,1352740000000.0,1359310000000.0,1368300000000.0,1379180000000.0,1389510000000.0,1398630000000.0,1407420000000.0,1415600000000.0,1423400000000.0,1431190000000.0,1439010000000.0,1446410000000.0,1453300000000.0,1459210000000.0,1463680000000.0,1467020000000.0,1470000000000.0,1473250000000.0,1477320000000.0
petroleum diesel (BTU),2202100000.0,2209960000.0,2106360000.0,1993670000.0,1885790000.0,1780410000.0,1691620000.0,1618170000.0,1559510000.0,1514340000.0,1485180000.0,1470300000.0,1452290000.0,1432980000.0,1412450000.0,1391060000.0,1368940000.0,1346390000.0,1323160000.0,1299300000.0,1274950000.0,1249870000.0,1224640000.0,1199360000.0,1174440000.0,1150310000.0,1127830000.0
heat (BTU),0.0,0.0,0.0,0.0,0.0,0.0,0.0,0.0,0.0,0.0,0.0,0.0,0.0,0.0,0.0,0.0,0.0,0.0,0.0,0.0,0.0,0.0,0.0,0.0,0.0,0.0,0.0
biomass (BTU),0.0,0.0,0.0,0.0,0.0,0.0,0.0,0.0,0.0,0.0,0.0,0.0,0.0,0.0,0.0,0.0,0.0,0.0,0.0,0.0,0.0,0.0,0.0,0.0,0.0,0.0,0.0
kerosene (BTU),0.0,0.0,0.0,0.0,0.0,0.0,0.0,0.0,0.0,0.0,0.0,0.0,0.0,0.0,0.0,0.0,0.0,0.0,0.0,0.0,0.0,0.0,0.0,0.0,0.0,0.0,0.0
heavy or residual oil (BTU),0.0,0.0,0.0,0.0,0.0,0.0,0.0,0.0,0.0,0.0,0.0,0.0,0.0,0.0,0.0,0.0,0.0,0.0,0.0,0.0,0.0,0.0,0.0,0.0,0.0,0.0,0.0
LPG propane or butane (BTU),42056800000.0,42206900000.0,42795200000.0,43538000000.0,44186200000.0,43875900000.0,43409500000.0,42970100000.0,42568700000.0,42220300000.0,42003000000.0,41916100000.0,41757200000.0,41533700000.0,41253400000.0,40917800000.0,40553200000.0,40195200000.0,39842700000.0,39495900000.0,39153900000.0,38798800000.0,38417400000.0,38014800000.0,37607700000.0,37217800000.0,36862000000.0
hydrogen (BTU),0.0,0.0,0.0,0.0,0.0,0.0,0.0,0.0,0.0,0.0,0.0,0.0,0.0,0.0,0.0,0.0,0.0,0.0,0.0,0.0,0.0,0.0,0.0,0.0,0.0,0.0,0.0
,,,,,,,,,,,,,,,,,,,,,,,,,,,
"Cell = SUM(F12 cells for water_heating, refrigeration, freezer, cooking, clothes_washer, clothes_dryer, dishwasher x matching fuel) x rural_share[state] x 1000 (kBtu -> BTU). Rural share held constant 2024-2050 at 2020 Census value.",,,,,,,,,,,,,,,,,,,,,,,,,,,
